,ph,Hardness,Solids,Chloramines,Sulfate,Conductivity,Organic_carbon,Trihalomethanes,Turbidity,Potability,site
count,2785.0,3276.0,3276.0,3276.0,2495.0,3276.0,3276.0,3114.0,3276.0,3276.0,3276.0
mean,7.080795,196.369496,22014.092526,7.122277,333.775777,426.205111,14.28497,66.396293,3.966786,0.39011,1.999389
std,1.59432,32.879761,8768.570828,1.583085,41.41684,80.824064,3.308162,16.175008,0.780382,0.487849,0.825546
min,0.0,47.432,320.942611,0.352,129.0,181.483754,2.2,0.738,1.45,0.0,1.0
25%,6.093092,176.850538,15666.690297,6.127421,307.699498,365.734414,12.065801,55.844536,3.439711,0.0,1.0
50%,7.036752,196.967627,20927.833607,7.130299,333.073546,421.884968,14.218338,66.622485,3.955028,0.0,2.0
75%,8.062066,216.667456,27332.762127,8.114887,359.95017,481.792304,16.557652,77.337473,4.50032,1.0,3.0
max,14.0,323.124,61227.196008,13.127,481.030642,753.34262,28.3,124.0,6.739,1.0,3.0
