,Id,Age,FEV,Hgt,Sex,Smoke
count,654.0,654.0,654.0,654.0,654.0,654.0
mean,37169.571865443424,9.931192660550458,2.6367798165137613,61.143577981651376,0.5137614678899083,0.09938837920489296
std,23690.86035024794,2.953935177308023,0.8670590982025218,5.703512797838192,0.5001931430770548,0.29941176467611536
min,201.0,3.0,0.791,46.0,0.0,0.0
25%,15811.0,8.0,1.981,57.0,0.0,0.0
50%,36071.0,10.0,2.5475,61.5,1.0,0.0
75%,53638.5,12.0,3.1185,65.5,1.0,0.0
max,90001.0,19.0,5.793,74.0,1.0,1.0
